{"input_weights": [[-0.09509383881694902, -1.0758788206910086, -0.8891720358093514, -0.681599646270581, 0.2716315188501319, -0.13904339475745353, -1.1600641719034472, 0.2635685610947069, -0.22030384255991708, -0.7014981267138237], [1.0314272973607719, -0.6100145761285501, 0.5543832247805778, 0.46676273442179655, 0.7793423402595663, 0.39398950619221534, -0.2367078473610216, 0.9257475145218154, -0.2629176995825166, -0.6850949421368359]], "output_weights": [[-0.6213210679961609, -0.5674110313406058], [-0.8112450499042999, 0.6964482708429627], [0.25784835270741785, -0.2597349550892556], [0.6661726594421337, -0.8081067326312912], [-0.49547986465013727, -0.14209018125731335], [0.05941891568220995, -0.47740473781672776], [-1.179199287531686, -0.2787069432116184], [-0.07776291686967415, 0.18073794708581606], [-0.7770791074497235, -0.20621907478061338], [-1.2076362963137603, 1.1001144819992765]]}