{"input_weights": [[-0.7908510827762396, -0.06488881443528371, 0.20697628145745584, 0.6610946298054678, -0.40193097691800816, -0.26930146223918205, 0.3323251176054567, -0.4039460914727946, 0.7630554557268321, 0.489296197107143], [-0.3437745150201983, 0.6249339276029777, 0.5942787860774947, 0.1990854945952889, 0.8804286629663045, -0.9838483880140796, -0.2452675526224386, -0.7172460692612368, 0.06009478479529573, 0.5744162109484134]], "output_weights": [[0.3352788709135599, 0.16186481151690635], [0.6650867603571045, -0.36835988423460275], [-0.035659152322086385, 0.6027271332040405], [0.6026480845326996, 0.8562199032446296], [-0.02532320630651541, 0.8106333348968242], [0.4372350051196301, 0.9309717465084575], [0.8775983431909262, 0.2574086312623767], [0.2937438390143918, 0.4513479260064759], [0.8741822765000309, -0.20428894651832685], [-0.7354228509304752, -0.909045861573899]]}