{"input_weights": [[-0.05640320623188044, -0.1436085241291054, -0.7817059795826051, 0.4295341132918242, 0.09949560563021098, 0.07620131564476162, 0.42552874767620796, -0.20194325660440593, 0.19055492899018156, -0.4454932995368168], [-0.6690472883022882, -0.16808119859414528, -0.452667840902808, 0.8897169363816324, 0.0200037018774073, -0.9953275291878958, -0.9017112317723819, 0.7492609351824775, -0.6649750548825872, 0.3592489306397355]], "output_weights": [[0.06626207512601945, -0.3251817489874951], [0.44764332744459345, 0.9511857966161743], [0.30383264951006206, 0.19930423415649878], [0.499250526525862, 0.38586234643374673], [0.41695816688816256, 0.27571033999492833], [0.6846777123097709, 0.594475079978225], [-0.7659899534252903, -0.35440975821216103], [-0.5601372521163719, 0.18613549607759827], [0.5615756827862008, 0.44982013491273243], [0.4927983939067846, 0.2849777470090642]]}